duration,F1,Sensitivity,Specificity,Auc,Accuracy
20,0.700552,0.72125,0.6625,0.762625,0.691875
40,0.7394,0.7525,0.7175,0.804141,0.735
80,0.777499,0.76875,0.79125,0.848969,0.78
120,0.78652,0.78125,0.795,0.859828,0.788125
240,0.860417,0.872222,0.813333,0.888704,0.845455
