duration,F1,Sensitivity,Specificity,Auc,Accuracy
20,0.785399,0.798148,0.778363,0.883066,0.787988
40,0.803584,0.824691,0.784211,0.905025,0.803904
80,0.837616,0.859877,0.816959,0.92406,0.837838
120,0.838612,0.862963,0.815205,0.922424,0.838438
240,0.737341,0.770588,0.70274,0.817063,0.735461
